id,name,read,pattern,sequence,feature_type
ADT_C0053,Prot_CD11c,R2,^NNNNNNNNNN(BC),TACGCCTATAACTTG,Antibody Capture
ADT_C0081,Prot_CD14,R2,^NNNNNNNNNN(BC),TCTCAGACCTCCGTA,Antibody Capture
ADT_C0083,Prot_CD16,R2,^NNNNNNNNNN(BC),AAGTTCACTCTTTGC,Antibody Capture
ADT_C0050,Prot_CD19,R2,^NNNNNNNNNN(BC),CTGGGCAATTACTCG,Antibody Capture
ADT_C0034,Prot_CD3,R2,^NNNNNNNNNN(BC),CTCATTGTAACTCCT,Antibody Capture
ADT_C0048,Prot_CD45,R2,^NNNNNNNNNN(BC),TCCCTTGCGATTTAC,Antibody Capture
ADT_C0072,Prot_CD4,R2,^NNNNNNNNNN(BC),TGTTCCCGCTCAACT,Antibody Capture
ADT_C0047,Prot_CD56,R2,^NNNNNNNNNN(BC),TCCTTTCCTGATAGG,Antibody Capture
ADT_C0046,Prot_CD8,R2,^NNNNNNNNNN(BC),GCGCAACTTGATGAT,Antibody Capture
ADT_C0251,Prot_B2M_1,R2,^NNNNNNNNNN(BC),GTCAACTCTTTAGCG,Antibody Capture
ADT_C0252,Prot_B2M_2,R2,^NNNNNNNNNN(BC),TGATGGCCTATTGGG,Antibody Capture
ADT_C0253,Prot_B2M_3,R2,^NNNNNNNNNN(BC),TTCCGCCTCTCTTTG,Antibody Capture
ADT_C0254,Prot_B2M_4,R2,^NNNNNNNNNN(BC),AGTAAGTTCAGCGTA,Antibody Capture
ADT_C0255,Prot_B2M_5,R2,^NNNNNNNNNN(BC),AAGTATCGTTTCGCA,Antibody Capture
ADT_C0256,Prot_B2M_6,R2,^NNNNNNNNNN(BC),GGTTGCCAGATGTCA,Antibody Capture
ADT_C0257,Prot_B2M_7,R2,^NNNNNNNNNN(BC),TGTCTTTCCTGCCAG,Antibody Capture
ADT_C0258,Prot_B2M_8,R2,^NNNNNNNNNN(BC),CTCCTCTGCAATTAC,Antibody Capture